id,EmailID,user_name,User_password,Gender,CreateDate,IsActive,User_Age
1,alice1@example.com,alice1,pass123,FEMALE,20-07-2025 18:26,1,0
2,bob2@example.com,bob2,bobpass,MALE,20-07-2025 18:26,1,0
3,charlie3@example.com,charlie3,charpass,OTHER,20-07-2025 18:26,1,0
4,diana4@example.com,diana4,dianapwd,FEMALE,20-07-2025 18:26,0,0
5,edward5@example.com,edward5,edpass,MALE,20-07-2025 18:26,1,0
6,fiona6@example.com,fiona6,fpass,FEMALE,20-07-2025 18:26,1,0
7,george7@example.com,george7,gpass,MALE,20-07-2025 18:26,1,0
8,hannah8@example.com,hannah8,hpass,FEMALE,20-07-2025 18:26,1,0
9,ian9@example.com,ian9,ipass,MALE,20-07-2025 18:26,0,0
10,julia10@example.com,julia10,jpass,FEMALE,20-07-2025 18:26,1,0
11,kevin11@example.com,kevin11,kpass,MALE,20-07-2025 18:26,1,0
12,lisa12@example.com,lisa12,lpass,FEMALE,20-07-2025 18:26,1,0
13,mike13@example.com,mike13,mpass,MALE,20-07-2025 18:26,1,0
14,nina14@example.com,nina14,npass,FEMALE,20-07-2025 18:26,0,0
15,omar15@example.com,omar15,opass,MALE,20-07-2025 18:26,1,0
16,paula16@example.com,paula16,ppass,FEMALE,20-07-2025 18:26,1,0
17,quentin17@example.com,quentin17,qpass,MALE,20-07-2025 18:26,1,0
18,rachel18@example.com,rachel18,rpass,FEMALE,20-07-2025 18:26,1,0
19,steve19@example.com,steve19,spass,MALE,20-07-2025 18:26,1,0
20,tina20@example.com,tina20,tpass,FEMALE,20-07-2025 18:26,0,0
21,umar21@example.com,umar21,upass,MALE,20-07-2025 18:26,1,0
22,vera22@example.com,vera22,vpass,FEMALE,20-07-2025 18:26,1,0
23,will23@example.com,will23,wpass,MALE,20-07-2025 18:26,1,0
24,xena24@example.com,xena24,xpass,FEMALE,20-07-2025 18:26,1,0
25,yusuf25@example.com,yusuf25,ypass,MALE,20-07-2025 18:26,1,0
26,zara26@example.com,zara26,zpass,FEMALE,20-07-2025 18:26,1,0
27,alex27@example.com,alex27,alpass,OTHER,20-07-2025 18:26,1,0
28,bella28@example.com,bella28,bepass,FEMALE,20-07-2025 18:26,1,0
29,carl29@example.com,carl29,capass,MALE,20-07-2025 18:26,1,0
30,dora30@example.com,dora30,dopass,FEMALE,20-07-2025 18:26,1,0
